[{"model": "contenttypes.contenttype", "pk": 1, "fields": {"app_label": "xadmin", "model": "bookmark"}}, {"model": "contenttypes.contenttype", "pk": 2, "fields": {"app_label": "xadmin", "model": "usersettings"}}, {"model": "contenttypes.contenttype", "pk": 3, "fields": {"app_label": "xadmin", "model": "userwidget"}}, {"model": "contenttypes.contenttype", "pk": 4, "fields": {"app_label": "reversion", "model": "revision"}}, {"model": "contenttypes.contenttype", "pk": 5, "fields": {"app_label": "reversion", "model": "version"}}, {"model": "contenttypes.contenttype", "pk": 6, "fields": {"app_label": "admin", "model": "logentry"}}, {"model": "contenttypes.contenttype", "pk": 7, "fields": {"app_label": "auth", "model": "permission"}}, {"model": "contenttypes.contenttype", "pk": 8, "fields": {"app_label": "auth", "model": "group"}}, {"model": "contenttypes.contenttype", "pk": 9, "fields": {"app_label": "auth", "model": "user"}}, {"model": "contenttypes.contenttype", "pk": 10, "fields": {"app_label": "contenttypes", "model": "contenttype"}}, {"model": "contenttypes.contenttype", "pk": 11, "fields": {"app_label": "sessions", "model": "session"}}, {"model": "contenttypes.contenttype", "pk": 12, "fields": {"app_label": "campaign", "model": "campaigndata"}}, {"model": "contenttypes.contenttype", "pk": 13, "fields": {"app_label": "gallery", "model": "imagedata"}}, {"model": "contenttypes.contenttype", "pk": 14, "fields": {"app_label": "gallery", "model": "videodata"}}, {"model": "contenttypes.contenttype", "pk": 15, "fields": {"app_label": "story", "model": "storydata"}}, {"model": "contenttypes.contenttype", "pk": 16, "fields": {"app_label": "story", "model": "userlikedata"}}, {"model": "contenttypes.contenttype", "pk": 17, "fields": {"app_label": "story", "model": "usersharedata"}}, {"model": "contenttypes.contenttype", "pk": 18, "fields": {"app_label": "login", "model": "otpdata"}}, {"model": "contenttypes.contenttype", "pk": 19, "fields": {"app_label": "login", "model": "userdata"}}, {"model": "contenttypes.contenttype", "pk": 20, "fields": {"app_label": "splash_screen", "model": "keysdata"}}, {"model": "contenttypes.contenttype", "pk": 21, "fields": {"app_label": "splash_screen", "model": "fcmdata"}}, {"model": "contenttypes.contenttype", "pk": 22, "fields": {"app_label": "splash_screen", "model": "imagedata"}}, {"model": "contenttypes.contenttype", "pk": 23, "fields": {"app_label": "welcome", "model": "welcomedata"}}, {"model": "contenttypes.contenttype", "pk": 24, "fields": {"app_label": "welcome", "model": "warddata"}}, {"model": "contenttypes.contenttype", "pk": 25, "fields": {"app_label": "contact_us", "model": "contactusdata"}}, {"model": "contenttypes.contenttype", "pk": 26, "fields": {"app_label": "about_us", "model": "aboutusdata"}}, {"model": "contenttypes.contenttype", "pk": 27, "fields": {"app_label": "dustbin", "model": "dustbindata"}}, {"model": "contenttypes.contenttype", "pk": 28, "fields": {"app_label": "join_us", "model": "joinusdata"}}, {"model": "contenttypes.contenttype", "pk": 29, "fields": {"app_label": "feedback", "model": "feedbackdata"}}, {"model": "contenttypes.contenttype", "pk": 30, "fields": {"app_label": "about_us", "model": "abouttheteam"}}, {"model": "sessions.session", "pk": "5sp9xceq80bviw6nkuuljtzn06zq3oag", "fields": {"session_data": "NzU3NzZjMzkxM2M2NjFjZmVmZjMxNjIwMTEzNjM4YmM3NmU1NTIwNzp7Il9hdXRoX3VzZXJfaWQiOiIxIiwiTElTVF9RVUVSWSI6W1siY2FtcGFpZ24iLCJjYW1wYWlnbmRhdGEiXSwiIl0sIl9hdXRoX3VzZXJfaGFzaCI6ImNlNDhmNTJmZTJkZDI3MWRlODNlZjZjOGExYTI2YWQ0ZGEzYmU2NjkiLCJfYXV0aF91c2VyX2JhY2tlbmQiOiJkamFuZ28uY29udHJpYi5hdXRoLmJhY2tlbmRzLk1vZGVsQmFja2VuZCJ9", "expire_date": "2017-07-07T13:23:27.219Z"}}, {"model": "sessions.session", "pk": "ff9kfe6j4lgd1zh4bxw3e10utts4jngw", "fields": {"session_data": "ZWMxMmE4NGQ3Y2Y2MDUwZjU2ZjUwNjI5Y2NlN2MwOTYzYWZiOWQwMzp7Il9hdXRoX3VzZXJfYmFja2VuZCI6ImRqYW5nby5jb250cmliLmF1dGguYmFja2VuZHMuTW9kZWxCYWNrZW5kIiwiTElTVF9RVUVSWSI6W1siYWJvdXRfdXMiLCJhYm91dHVzZGF0YSJdLCIiXSwiX2F1dGhfdXNlcl9oYXNoIjoiY2U0OGY1MmZlMmRkMjcxZGU4M2VmNmM4YTFhMjZhZDRkYTNiZTY2OSIsIl9hdXRoX3VzZXJfaWQiOiIxIiwidXNlciI6ImFudXJhZyJ9", "expire_date": "2017-07-07T13:32:15.907Z"}}, {"model": "sessions.session", "pk": "klhgzfelapiophpmc7ocnmivwllt2rze", "fields": {"session_data": "MWY5ZTQwNTdiOWI3NTYxMWVhYzA1NTlmNGUzZmU1YzcwMjIyMzVkZjp7Il9hdXRoX3VzZXJfYmFja2VuZCI6ImRqYW5nby5jb250cmliLmF1dGguYmFja2VuZHMuTW9kZWxCYWNrZW5kIiwiTElTVF9RVUVSWSI6W1siZHVzdGJpbiIsImR1c3RiaW5kYXRhIl0sIiJdLCJfYXV0aF91c2VyX2hhc2giOiJjZTQ4ZjUyZmUyZGQyNzFkZTgzZWY2YzhhMWEyNmFkNGRhM2JlNjY5IiwiX2F1dGhfdXNlcl9pZCI6IjEifQ==", "expire_date": "2017-07-06T09:50:41.942Z"}}, {"model": "sessions.session", "pk": "u7ictltehveptjdgrsp9zazjfnwa1k2j", "fields": {"session_data": "ODFhZDcyMGU4YTdjMTc0OTVlY2UxZTYwMzUzMWFjNzE2ZjlmMGRmNDp7Il9hdXRoX3VzZXJfYmFja2VuZCI6ImRqYW5nby5jb250cmliLmF1dGguYmFja2VuZHMuTW9kZWxCYWNrZW5kIiwiTElTVF9RVUVSWSI6W1siYWJvdXRfdXMiLCJhYm91dHVzZGF0YSJdLCIiXSwiX2F1dGhfdXNlcl9oYXNoIjoiY2U0OGY1MmZlMmRkMjcxZGU4M2VmNmM4YTFhMjZhZDRkYTNiZTY2OSIsIl9hdXRoX3VzZXJfaWQiOiIxIn0=", "expire_date": "2017-07-07T07:27:40.850Z"}}, {"model": "sessions.session", "pk": "zeamppx7a1zr7mnejn65rkvg94f395ia", "fields": {"session_data": "NjAxZjNhMjM1M2VhYWI5N2IzZDE1NGI5NTY5MmI5ZTFmMjg5OWE5MDp7IkxJU1RfUVVFUlkiOltbImFib3V0X3VzIiwiYWJvdXR1c2RhdGEiXSwiIl0sIl9hdXRoX3VzZXJfaGFzaCI6ImNlNDhmNTJmZTJkZDI3MWRlODNlZjZjOGExYTI2YWQ0ZGEzYmU2NjkiLCJfYXV0aF91c2VyX2lkIjoiMSIsIl9hdXRoX3VzZXJfYmFja2VuZCI6ImRqYW5nby5jb250cmliLmF1dGguYmFja2VuZHMuTW9kZWxCYWNrZW5kIn0=", "expire_date": "2017-07-07T12:53:34.865Z"}}, {"model": "campaign.campaigndata", "pk": 2, "fields": {"name_english": "Clean India-2", "name_hindi": "\u0938\u094d\u0935\u091a\u094d\u091b \u092d\u093e\u0930\u0924", "date": "2017-06-20", "venue_engilsh": "Raipur", "venue_hindi": "\u0930\u093e\u092f\u092a\u0941\u0930", "description_english": "The campaign was officially launched on 2 October 2014 at Rajghat, New Delhi, by Prime Minister Narendra Modi. It is India's largest ever cleanliness drive with 3 million government employees, and especially school and college students from all parts of India, participating in the campaign.", "description_hindi": "\u092f\u0939 \u0905\u092d\u093f\u092f\u093e\u0928 \u0906\u0927\u093f\u0915\u093e\u0930\u093f\u0915 \u0924\u094c\u0930 \u092a\u0930 2 \u0905\u0915\u094d\u091f\u0942\u092c\u0930 2014 \u0915\u094b \u092a\u094d\u0930\u0927\u093e\u0928 \u092e\u0902\u0924\u094d\u0930\u0940 \u0928\u0930\u0947\u0902\u0926\u094d\u0930 \u092e\u094b\u0926\u0940 \u0926\u094d\u0935\u093e\u0930\u093e \u0930\u093e\u091c\u0918\u093e\u091f, \u0928\u0908 \u0926\u093f\u0932\u094d\u0932\u0940 \u092e\u0947\u0902 \u0936\u0941\u0930\u0942 \u0915\u093f\u092f\u093e \u0917\u092f\u093e \u0925\u093e\u0964 \u092f\u0939 \u0905\u092d\u093f\u092f\u093e\u0928 \u092e\u0947\u0902 \u092d\u093e\u0917 \u0932\u0947\u0924\u0947 \u0939\u0941\u090f \u092d\u093e\u0930\u0924 \u0915\u0947 \u0938\u092d\u0940 \u0939\u093f\u0938\u094d\u0938\u094b\u0902 \u0938\u0947 3 \u092e\u093f\u0932\u093f\u092f\u0928 \u0938\u0930\u0915\u093e\u0930\u0940 \u0915\u0930\u094d\u092e\u091a\u093e\u0930\u093f\u092f\u094b\u0902 \u0914\u0930 \u0935\u093f\u0936\u0947\u0937\u0915\u0930 \u0938\u094d\u0915\u0942\u0932 \u0914\u0930 \u0915\u0949\u0932\u0947\u091c \u0915\u0947 \u091b\u093e\u0924\u094d\u0930\u094b\u0902 \u0915\u0947 \u0938\u093e\u0925 \u092d\u093e\u0930\u0924 \u0915\u093e \u0938\u092c\u0938\u0947 \u092c\u0921\u093c\u093e \u0938\u094d\u0935\u091a\u094d\u091b\u0924\u093e \u0905\u092d\u093f\u092f\u093e\u0928 \u0939\u0948\u0964", "image": "media/campaign_images/4.jpg"}}, {"model": "campaign.campaigndata", "pk": 3, "fields": {"name_english": "Clean India", "name_hindi": "\u0938\u094d\u0935\u091a\u094d\u091b \u092d\u093e\u0930\u0924 \u0905\u092d\u093f\u092f\u093e\u0928", "date": "2017-06-23", "venue_engilsh": "Raipur", "venue_hindi": "\u0930\u093e\u092f\u092a\u0941\u0930", "description_english": "Swachh Bharat Abhiyan (English: Clean India Movement) is a campaign by the Government of India to clean the streets, roads and infrastructure of the country's 4,041 statutory cities and towns.It includes ambassadors and activities such as run, national real-time monitoring or spread of updated NGOs practices.", "description_hindi": "\u0938\u094d\u0935\u091a\u094d\u091b \u092d\u093e\u0930\u0924 \u0905\u092d\u093f\u092f\u093e\u0928 (\u0905\u0902\u0917\u094d\u0930\u0947\u091c\u0940: \u0938\u094d\u0935\u091a\u094d\u091b \u092d\u093e\u0930\u0924 \u0906\u0902\u0926\u094b\u0932\u0928) \u0926\u0947\u0936 \u0915\u0940 4,041 \u0935\u0948\u0927\u093e\u0928\u093f\u0915 \u0936\u0939\u0930\u094b\u0902 \u0914\u0930 \u0928\u0917\u0930\u094b\u0902 \u0915\u0940 \u0938\u0921\u093c\u0915\u094b\u0902, \u0938\u0921\u093c\u0915\u094b\u0902 \u0914\u0930 \u092c\u0941\u0928\u093f\u092f\u093e\u0926\u0940 \u0922\u093e\u0902\u091a\u0947 \u0915\u094b \u0938\u093e\u092b \u0915\u0930\u0928\u0947 \u0915\u0947 \u0932\u093f\u090f \u092d\u093e\u0930\u0924 \u0938\u0930\u0915\u093e\u0930 \u0926\u094d\u0935\u093e\u0930\u093e \u090f\u0915 \u0905\u092d\u093f\u092f\u093e\u0928 \u0939\u0948\u0964 \u0907\u0938\u092e\u0947\u0902 \u0930\u093e\u091c\u0926\u0942\u0924 \u0914\u0930 \u0917\u0924\u093f\u0935\u093f\u0927\u093f\u092f\u094b\u0902 \u091c\u0948\u0938\u0947 \u0915\u093f \u0930\u093e\u0937\u094d\u091f\u094d\u0930\u0940\u092f \u0935\u093e\u0938\u094d\u0924\u0935\u093f\u0915 \u0938\u092e\u092f \u0915\u0940 \u0928\u093f\u0917\u0930\u093e\u0928\u0940 \u0905\u0926\u094d\u092f\u0924\u093f\u0924 \u090f\u0928\u091c\u0940\u0913 \u092a\u094d\u0930\u0925\u093e\u0913\u0902 \u0915\u093e \u092a\u094d\u0930\u0938\u093e\u0930", "image": "media/campaign_images/1.jpg"}}, {"model": "gallery.imagedata", "pk": 4, "fields": {"image": "media/gallery/images/1.jpg", "caption_english": "Swachh Bharat", "caption_hindi": "\u0938\u094d\u0935\u091a\u094d\u091b \u092d\u093e\u0930\u0924", "campaign_id": 2}}, {"model": "gallery.imagedata", "pk": 5, "fields": {"image": "media/gallery/images/2.jpg", "caption_english": "Swachh Bharat", "caption_hindi": "\u0938\u094d\u0935\u091a\u094d\u091b \u092d\u093e\u0930\u0924", "campaign_id": 2}}, {"model": "gallery.imagedata", "pk": 6, "fields": {"image": "media/gallery/images/3.jpg", "caption_english": "Swach Bharat", "caption_hindi": "\u0938\u094d\u0935\u091a\u094d\u091b \u092d\u093e\u0930\u0924", "campaign_id": 2}}, {"model": "gallery.imagedata", "pk": 7, "fields": {"image": "media/gallery/images/4.jpg", "caption_english": "Swach Bharat", "caption_hindi": "\u0938\u094d\u0935\u091a\u094d\u091b \u092d\u093e\u0930\u0924", "campaign_id": 2}}, {"model": "gallery.imagedata", "pk": 8, "fields": {"image": "media/gallery/images/5.png", "caption_english": "Swach Bharat", "caption_hindi": "\u0938\u094d\u0935\u091a\u094d\u091b \u092d\u093e\u0930\u0924", "campaign_id": 2}}, {"model": "story.storydata", "pk": 1, "fields": {"user_data": 1, "date": "2017-06-22", "time": "07:01:48.799", "image": "media/media/story/images/DSCN9241_EzWXmiW.jpg", "title": "Clean Raipur", "description": "\u0907\u0938 \u092a\u0943\u0937\u094d\u0920 \u092a\u0930 \u0907\u0928\u094d\u091f\u0930\u0928\u0947\u091f \u092a\u0930 \u0909\u092a\u0932\u092c\u094d\u0927 \u0935\u093f\u092d\u093f\u0928\u094d\u0928 \u0939\u093f\u0928\u094d\u0926\u0940 \u090f\u0935\u0902 \u0926\u0947\u0935\u0928\u093e\u0917\u0930\u0940 \u0938\u092e\u094d\u092c\u0902\u0927\u093f\u0924 \u0938\u093e\u0927\u0928\u094b\u0902 \u0915\u0940 \u0915\u0921\u093c\u093f\u092f\u094b\u0902 \u0915\u0940 \u0938\u0942\u091a\u0940 \u0939\u0948 |", "approve": true, "likes": 2, "shares": 11}}, {"model": "story.storydata", "pk": 2, "fields": {"user_data": 1, "date": "2017-06-22", "time": "07:02:17.825", "image": "media/media/story/images/PK_FU-01.png", "title": "Clean  Raipur", "description": "\u0907\u0938 \u092a\u0943\u0937\u094d\u0920 \u092a\u0930 \u0907\u0928\u094d\u091f\u0930\u0928\u0947\u091f \u092a\u0930 \u0909\u092a\u0932\u092c\u094d\u0927 \u0935\u093f\u092d\u093f\u0928\u094d\u0928 \u0939\u093f\u0928\u094d\u0926\u0940 \u090f\u0935\u0902 \u0926\u0947\u0935\u0928\u093e\u0917\u0930\u0940 \u0938\u092e\u094d\u092c\u0902\u0927\u093f\u0924 \u0938\u093e\u0927\u0928\u094b\u0902 \u0915\u0940 \u0915\u0921\u093c\u093f\u092f\u094b\u0902 \u0915\u0940 \u0938\u0942\u091a\u0940 \u0939\u0948 |", "approve": true, "likes": 2, "shares": 9}}, {"model": "story.storydata", "pk": 6, "fields": {"user_data": 1, "date": "2017-06-22", "time": "07:04:21.598", "image": "media/media/story/images/DSCN9229_18cAq0Q.jpg", "title": "Clean India", "description": "He also urged citizens to share pictures and videos of their \u2018#Shramdaan\u2019 and further strengthen this mass movement", "approve": true, "likes": 2, "shares": 4}}, {"model": "story.storydata", "pk": 8, "fields": {"user_data": 2, "date": "2017-06-22", "time": "12:13:51.037", "image": "media/story/1498133629761.jpg", "title": "Title", "description": "nothing", "approve": true, "likes": 1, "shares": 2}}, {"model": "story.storydata", "pk": 9, "fields": {"user_data": 1, "date": "2017-06-23", "time": "06:09:45.922", "image": "media/story/1498198191940.jpg", "title": "Title", "description": "Raipur clean city", "approve": true, "likes": 1, "shares": 2}}, {"model": "story.storydata", "pk": 10, "fields": {"user_data": 1, "date": "2017-06-23", "time": "06:10:19.326", "image": "media/story/1498198225291.jpg", "title": "Title", "description": "Raipur clean city", "approve": true, "likes": 1, "shares": 3}}, {"model": "story.storydata", "pk": 11, "fields": {"user_data": 1, "date": "2017-06-23", "time": "12:20:12.536", "image": "media/story/1498220416777.jpg", "title": "Title", "description": "\u0906\u092a\u0915\u0947 \u0935\u093f\u091a\u093e\u0930 \u0906\u092a\u0915\u0947 \u091c\u0940\u0935\u0928 \u0915\u093e \u0928\u093f\u0930\u094d\u092e\u093e\u0923 \u0915\u0930\u0924\u0947 \u0939\u0948\u0902\u0964 \u00a0\u092f\u0939\u093e\u0901 \u0938\u0902\u0917\u094d\u0930\u0939 \u0915\u093f\u092f\u0947 \u0917\u090f \u092e\u0939\u093e\u0928 \u0935\u093f\u091a\u093e\u0930\u0915\u094b\u0902 \u0915\u0947 \u0939\u091c\u093c\u093e\u0930\u094b\u0902\u00a0\u0915\u0925\u0928 \u0906\u092a\u0915\u0947 \u091c\u0940\u0935\u0928 \u092e\u0947\u0902 \u090f\u0915 \u0938\u0915\u093e\u0930\u093e\u0924\u094d\u092e\u0915 \u092c\u0926\u0932\u093e\u0935 \u0932\u093e \u0938\u0915\u0924\u0947 \u0939\u0948\u0902.", "approve": true, "likes": 0, "shares": 0}}, {"model": "story.storydata", "pk": 12, "fields": {"user_data": 1, "date": "2017-06-23", "time": "12:21:14.502", "image": "media/story/1498220479351.jpg", "title": "Title", "description": "ufududdu", "approve": true, "likes": 0, "shares": 0}}, {"model": "story.storydata", "pk": 13, "fields": {"user_data": 1, "date": "2017-06-23", "time": "12:21:40.694", "image": "media/story/1498220505602.jpg", "title": "Title", "description": "ufufigi", "approve": true, "likes": 0, "shares": 0}}, {"model": "story.storydata", "pk": 15, "fields": {"user_data": 1, "date": "2017-06-23", "time": "13:05:14.040", "image": "media/story/1498223115858.jpg", "title": "Swachh Bharat", "description": "Clean India is our Moto.", "approve": true, "likes": 0, "shares": 0}}, {"model": "story.userlikedata", "pk": 1, "fields": {"user_id": 2, "story_id": 1, "liked": true}}, {"model": "story.userlikedata", "pk": 2, "fields": {"user_id": 2, "story_id": 6, "liked": true}}, {"model": "story.userlikedata", "pk": 3, "fields": {"user_id": 2, "story_id": 2, "liked": true}}, {"model": "story.userlikedata", "pk": 4, "fields": {"user_id": 2, "story_id": 8, "liked": false}}, {"model": "story.userlikedata", "pk": 5, "fields": {"user_id": 1, "story_id": 1, "liked": true}}, {"model": "story.userlikedata", "pk": 6, "fields": {"user_id": 1, "story_id": 2, "liked": true}}, {"model": "story.userlikedata", "pk": 7, "fields": {"user_id": 1, "story_id": 10, "liked": true}}, {"model": "story.userlikedata", "pk": 8, "fields": {"user_id": 1, "story_id": 9, "liked": true}}, {"model": "story.userlikedata", "pk": 9, "fields": {"user_id": 4, "story_id": 1, "liked": false}}, {"model": "story.userlikedata", "pk": 10, "fields": {"user_id": 4, "story_id": 2, "liked": true}}, {"model": "story.userlikedata", "pk": 11, "fields": {"user_id": 4, "story_id": 6, "liked": true}}, {"model": "story.userlikedata", "pk": 12, "fields": {"user_id": 4, "story_id": 8, "liked": true}}, {"model": "story.usersharedata", "pk": 1, "fields": {"user_id": 2, "story_id": 6, "shared": true}}, {"model": "story.usersharedata", "pk": 2, "fields": {"user_id": 2, "story_id": 1, "shared": true}}, {"model": "story.usersharedata", "pk": 3, "fields": {"user_id": 2, "story_id": 2, "shared": true}}, {"model": "story.usersharedata", "pk": 4, "fields": {"user_id": 1, "story_id": 1, "shared": true}}, {"model": "story.usersharedata", "pk": 5, "fields": {"user_id": 1, "story_id": 2, "shared": true}}, {"model": "story.usersharedata", "pk": 6, "fields": {"user_id": 4, "story_id": 1, "shared": true}}, {"model": "story.usersharedata", "pk": 7, "fields": {"user_id": 4, "story_id": 2, "shared": true}}, {"model": "story.usersharedata", "pk": 8, "fields": {"user_id": 4, "story_id": 6, "shared": true}}, {"model": "story.usersharedata", "pk": 9, "fields": {"user_id": 4, "story_id": 8, "shared": true}}, {"model": "story.usersharedata", "pk": 10, "fields": {"user_id": 4, "story_id": 9, "shared": true}}, {"model": "story.usersharedata", "pk": 11, "fields": {"user_id": 4, "story_id": 10, "shared": true}}, {"model": "story.usersharedata", "pk": 12, "fields": {"user_id": 1, "story_id": 10, "shared": true}}, {"model": "login.otpdata", "pk": 1, "fields": {"mobile": "8109109457", "otp": 9071, "flag": false, "modified": "2017-06-23T13:17:58.721Z", "created": "2017-06-22T09:46:32.431Z"}}, {"model": "login.otpdata", "pk": 2, "fields": {"mobile": "8269936970", "otp": 8319, "flag": true, "modified": "2017-06-23T11:22:50.833Z", "created": "2017-06-22T16:39:44.562Z"}}, {"model": "login.otpdata", "pk": 3, "fields": {"mobile": "8770776846", "otp": 7083, "flag": true, "modified": "2017-06-23T13:33:14.959Z", "created": "2017-06-23T08:03:57.346Z"}}, {"model": "login.otpdata", "pk": 4, "fields": {"mobile": "None", "otp": 5373, "flag": false, "modified": "2017-06-23T13:05:32.860Z", "created": "2017-06-23T08:10:25.393Z"}}, {"model": "login.otpdata", "pk": 5, "fields": {"mobile": "8109573930", "otp": 8831, "flag": false, "modified": "2017-06-23T13:34:02.537Z", "created": "2017-06-23T08:50:49.568Z"}}, {"model": "login.otpdata", "pk": 6, "fields": {"mobile": "9691393915", "otp": 2193, "flag": true, "modified": "2017-06-23T09:07:47.329Z", "created": "2017-06-23T09:07:08.715Z"}}, {"model": "login.userdata", "pk": 1, "fields": {"fcm": "f6xG1jZJE7Y:APA91bFAFABHZYHaG03SvyO8W8tq4c5eeByhb7GJe_kQDWFQVFHt0j1Tbgi7-zNMXFtX4yLJPHPRLOrf-0oeOTHC0qkyIBzoI64ZFRAP_Al1C-hYlsTl6VJwmpsUOY__kVKaebDMjm-Q", "ward": "\u0915\u094b\u091f\u093e", "mobile": "8269936970", "name": "Anurag", "image": "profile/IMG_20170422_171249_EHUR2Dq.jpg", "modified": "2017-06-23T13:48:20.644Z", "created": "2017-06-22T06:52:56.036Z", "email": "email"}}, {"model": "login.userdata", "pk": 2, "fields": {"fcm": "ewTxqIPWyug:APA91bHxpefUPNgX3pWWiyALqIJU6MGN6qsiyy0Tx-nOCrtptHlxmbbSVH-8CHuCPY4JnTgRjG_5PO3iIJtqCEWchZ6yRQ9iQjZyIJBO1kMKFE_Zq3wX00EXcCXRs80M_Eosvn4Oatqc", "ward": "kota", "mobile": "8109109457", "name": "anurag", "image": "/media/profile/default.png", "modified": "2017-06-22T14:27:16.370Z", "created": "2017-06-22T09:46:50.683Z", "email": null}}, {"model": "login.userdata", "pk": 3, "fields": {"fcm": "cQbtDbzVzyY:APA91bEjqbye5eQTa_OT1VO-bg1oB6U5IEjUtzpolY3sO7osdN69EGayiJi2zOiSJGY4mGlEMpbjq4oRytAZRjSmwD0fDUmx6qkeSQJUWeYotuq94IQvnLW9SAiMO1Wgf2j1onnbMrft", "ward": "kota", "mobile": "8770776846", "name": "Ujjwal", "image": "/media/profile/default.png", "modified": "2017-06-23T13:46:05.155Z", "created": "2017-06-23T08:04:15.285Z", "email": null}}, {"model": "login.userdata", "pk": 4, "fields": {"fcm": "fTtW53FCUdI:APA91bEAoTyCUu1ZP8Lq293cP8Sl6GFQbDQC0HUS3Fjz9j-eDMI8hqZirktDRcuqDygOLqLv6uCYsFj8XmWHzMteoGtFZTnFQusJwFXjLXD2shQFVqqskRCrYPK4ud1U_ONjInsMNHQd", "ward": "kota", "mobile": "8109573930", "name": "Aman Jain", "image": "/media/profile/default.png", "modified": "2017-06-23T14:01:45.930Z", "created": "2017-06-23T08:51:12.554Z", "email": null}}, {"model": "login.userdata", "pk": 5, "fields": {"fcm": "ePFLfoQ3Yaw:APA91bFqY4U4ExmKhsxXyGYCf7UbgI8V29Xcci3Qkk416XuH87vTmmAETNTizAfc8Ti4oepkI8pPf2Z6lBJ6CVl1S9v_MODxkfBLDyAz81A_CoiNHYlgg6Mgz7GW6N56WxFWHZCcQXRV", "ward": "kota", "mobile": "9691393915", "name": "9691393915", "image": "/media/profile/default.png", "modified": "2017-06-23T12:03:05.517Z", "created": "2017-06-23T09:07:47.443Z", "email": null}}, {"model": "splash_screen.keysdata", "pk": 1, "fields": {"value": "1", "key": "version", "modified": "2017-06-22T06:48:09.078Z", "created": "2017-06-22T06:48:09.078Z"}}, {"model": "splash_screen.keysdata", "pk": 2, "fields": {"value": "0", "key": "compulsory_update", "modified": "2017-06-22T06:48:18.200Z", "created": "2017-06-22T06:48:18.200Z"}}, {"model": "splash_screen.keysdata", "pk": 3, "fields": {"value": "cnadmin@810#", "key": "jwt", "modified": "2017-06-22T06:48:27.642Z", "created": "2017-06-22T06:48:27.643Z"}}, {"model": "splash_screen.fcmdata", "pk": 1, "fields": {"fcm": null, "modified": "2017-06-22T09:14:24.059Z", "created": "2017-06-22T09:14:24.059Z"}}, {"model": "splash_screen.fcmdata", "pk": 2, "fields": {"fcm": "cJiTRT3WIro:APA91bEG1mFbXeMbRFdT4oGY0qyQHkd03T6ZeZWeDFkhFraHToGP2LdBtKVeE3WE9Z1b1xo-OIdqta8RaGW_YX-zZwh0ke_ywTkp65u1LboF2-oN1ORlzXRfQwAOgXCAS3Z83IH-9Lql", "modified": "2017-06-22T09:17:26.232Z", "created": "2017-06-22T09:17:26.232Z"}}, {"model": "splash_screen.fcmdata", "pk": 3, "fields": {"fcm": "dRISqkhl_7c:APA91bGKQgXWoxTmtQM8Xm6VWtI3LZ6VjWkueQOraRxVO15C71KWL3eXb6yHAFHlptIkTVDpr0CbwXhidkHJfUZ7rQjRji1kfuK4MlWfiatvQ7xaOGEsOTnoWndFCh_2bObt8PVxJbso", "modified": "2017-06-22T14:43:15.436Z", "created": "2017-06-22T14:43:15.436Z"}}, {"model": "splash_screen.fcmdata", "pk": 4, "fields": {"fcm": "dJ7VtukxZfQ:APA91bHWSJh6Q3JchXrYSPGjyL8KkRlBYzbnj0tRqyxXTdL4Hva1Kk9MqsUfZV_UdGnwJ-ZlHv48r46bFB-0ikUMlIGxv-jOoH7y9weA_5u9S_DqWWSyEuKCAZfzoTtBRJOByFR-wnPf", "modified": "2017-06-22T15:31:41.941Z", "created": "2017-06-22T15:31:41.941Z"}}, {"model": "splash_screen.fcmdata", "pk": 5, "fields": {"fcm": "eUCWteOorkQ:APA91bHOqKXRLCkgO87zbh-_Dhf-DILDf4-yD6dPzJ8vE6vKytgiSelkzQ_N8xpRGoqpK-yDUrocQYdSXtYmIojZPlOiWdlSkiBBYc2Tbjl_zqqA7VWyNbD8aQ1RxUGKD5SX7ilhlNDj", "modified": "2017-06-22T16:00:01.396Z", "created": "2017-06-22T16:00:01.396Z"}}, {"model": "splash_screen.fcmdata", "pk": 6, "fields": {"fcm": "cXnGTzkK8Ng:APA91bFVmneEXV6keN7fBP1kRjXAHCboro2npffirf8jy6cjaSmoYvTQttMK9FTS2cU08XfNu0Ufb-YiuiBH38rbrml06dp0KFHA1g1cB2ZvGvX5njGFgk515SmqpLw3TpN6r07kVrcN", "modified": "2017-06-22T16:09:55.886Z", "created": "2017-06-22T16:09:55.887Z"}}, {"model": "splash_screen.fcmdata", "pk": 7, "fields": {"fcm": "eolG4lOC-B0:APA91bEV9xLdoWsK5zJzIHjSqYIS3SLCroDAzecdYuUTpLTku8mvuqVmEZwZAEVbEZwQ1G1fw0cn8GKQTTGRD35eeILYVhTBJWSJhCgbRGrisbx4yeF4VazuJcv-jvVIoKLmwo6sQ7qj", "modified": "2017-06-22T16:41:32.631Z", "created": "2017-06-22T16:41:32.631Z"}}, {"model": "splash_screen.fcmdata", "pk": 8, "fields": {"fcm": "fHi3b9Cc_os:APA91bEYUHvSDN-nte4srKDEEO1Gy8mzUAFRAV18EQN7pX17wr14M5iRiH_-URvDzPtuDCEDCyfJvXXZo7bdXiyAeWgLNVgl44-K9RHsPEZUpQtnCNWbcgVceCyAFSfJYoT_w2X43QRz", "modified": "2017-06-23T07:31:37.679Z", "created": "2017-06-23T07:31:37.679Z"}}, {"model": "splash_screen.fcmdata", "pk": 9, "fields": {"fcm": "enzPdUnAAM4:APA91bF56Trj74PciVlHo48hLT3Ge7IZWHzXDm5ukXIc7tcW0HD3NWj5TrTIeAUbPQTw9BHRfRW-BVeB3tFjpkU1z2qanCBrcTj6mrNcwVUsjf3gTiqlKiu9F9O3VXOdkvBnGwslQ2uV", "modified": "2017-06-23T08:48:32.949Z", "created": "2017-06-23T08:48:32.949Z"}}, {"model": "splash_screen.fcmdata", "pk": 10, "fields": {"fcm": "dgZ4t4_6yi4:APA91bEK4BhNR2LyBFH_7c1V1KDIXJQvVBWpu9qu8sp6EET2yPDVR99a-P1PYaQjZYPv2LavKSEQ-fUzk9UjYEVS2Ha9dyJI1X_G67Ij0LqVQxNDJTrwKfUijdgFCAboNS2tgV3U11jg", "modified": "2017-06-23T09:12:54.497Z", "created": "2017-06-23T09:12:54.497Z"}}, {"model": "splash_screen.fcmdata", "pk": 11, "fields": {"fcm": "ekSohntuRg4:APA91bFOWF_GL5PsCjXotshQuq7SA8DBQfGo3UXntBJXvyKKX7xwAwKSIxORqUTX_YOB9Q-yslHkwp25tnXM2YyzwuTuQB-HfZ1Q5vFEZyGQVYCzwZgN-z3ghtcFbIu_nHUvmLqXon5K", "modified": "2017-06-23T09:48:58.228Z", "created": "2017-06-23T09:48:58.228Z"}}, {"model": "splash_screen.fcmdata", "pk": 12, "fields": {"fcm": "eHoxVuWtgrQ:APA91bGOQx4B8R5SPa5XZphoWwfHJG9HuAN7AHF-tJ3kBtRFhlZAxklRKOj8uACqfmdOcGkrfJZ-Ncwn5dqKlENNXUM-JeCXFaGfgV4sF-Qav-6ARWDmBa6jOIeUhJrWNhra0QJyWlz6", "modified": "2017-06-23T09:59:53.071Z", "created": "2017-06-23T09:59:53.071Z"}}, {"model": "splash_screen.fcmdata", "pk": 13, "fields": {"fcm": "cQbtDbzVzyY:APA91bEjqbye5eQTa_OT1VO-bg1oB6U5IEjUtzpolY3sO7osdN69EGayiJi2zOiSJGY4mGlEMpbjq4oRytAZRjSmwD0fDUmx6qkeSQJUWeYotuq94IQvnLW9SAiMO1Wgf2j1onnbMrft", "modified": "2017-06-23T12:23:00.954Z", "created": "2017-06-23T12:23:00.954Z"}}, {"model": "splash_screen.fcmdata", "pk": 14, "fields": {"fcm": "dOAHbukLarg:APA91bGWJeF5648f00fBKcJWDO7c9msLVlxE1XLGFuNtQL1MeEyHu4eK86O78TlnyyXYWHBu97jwAUZa9BAlvoGPesHTn45n4-ZdT76q8xK0Hn7AB5ZNMcbQOUO3iQWJqqti2fWk-Pqs", "modified": "2017-06-23T13:55:41.137Z", "created": "2017-06-23T13:55:41.137Z"}}, {"model": "splash_screen.fcmdata", "pk": 15, "fields": {"fcm": "f8xZ8xRnYkQ:APA91bEhOJQtQ6KYakJ0m3fNcvtQ2Q_ifqgZhFCmxQv4d5zhwMhIkkI3_DiSEoW77_uPtq1sevkZjECSpAlBwnLMkCR3NpDevzSqB2zkzulleQat8KeYV6MXmsESzYNOemFO10xljYAW", "modified": "2017-06-23T13:58:16.568Z", "created": "2017-06-23T13:58:16.568Z"}}, {"model": "splash_screen.imagedata", "pk": 1, "fields": {"image": "images/DSCN9241.jpg", "key": "about_us", "modified": "2017-06-22T06:51:35.115Z", "created": "2017-06-22T06:51:35.115Z"}}, {"model": "splash_screen.imagedata", "pk": 2, "fields": {"image": "images/DSCN9229.jpg", "key": "contact_us", "modified": "2017-06-22T06:52:17.773Z", "created": "2017-06-22T06:52:17.773Z"}}, {"model": "welcome.welcomedata", "pk": 1, "fields": {"image": "welcome/PK_FU-01.png", "quote_english": "Clean Raipur", "quote_hindi": "\u0938\u094d\u0935\u091a\u094d\u091b \u092d\u093e\u0930\u0924", "modified": "2017-06-23T09:47:18.993Z", "created": "2017-06-22T09:17:05.552Z"}}, {"model": "welcome.warddata", "pk": 1, "fields": {"ward_name_english": "kota", "ward_name_hindi": "\u0915\u094b\u091f\u093e"}}, {"model": "dustbin.dustbindata", "pk": 2, "fields": {"latitude": 21.2448, "longitude": 81.6438, "location": "kota"}}, {"model": "dustbin.dustbindata", "pk": 3, "fields": {"latitude": 21.1904, "longitude": 81.2849, "location": "durg"}}, {"model": "join_us.joinusdata", "pk": 1, "fields": {"ward": "", "user_data": 1, "visibility": true, "date": "2017-06-23", "time": "06:13:39.142", "description": "asdfhk"}}, {"model": "join_us.joinusdata", "pk": 2, "fields": {"ward": "", "user_data": 1, "visibility": true, "date": "2017-06-23", "time": "06:13:45.387", "description": "asdfhk"}}, {"model": "join_us.joinusdata", "pk": 3, "fields": {"ward": "", "user_data": 1, "visibility": false, "date": "2017-06-23", "time": "06:28:34.820", "description": "interested"}}, {"model": "join_us.joinusdata", "pk": 4, "fields": {"ward": "", "user_data": 1, "visibility": true, "date": "2017-06-23", "time": "07:09:08.709", "description": "interested"}}, {"model": "join_us.joinusdata", "pk": 5, "fields": {"ward": "", "user_data": 1, "visibility": true, "date": "2017-06-23", "time": "07:36:59.993", "description": "fghfx"}}, {"model": "join_us.joinusdata", "pk": 6, "fields": {"ward": "", "user_data": 1, "visibility": true, "date": "2017-06-23", "time": "12:08:56.597", "description": "dfhh"}}, {"model": "feedback.feedbackdata", "pk": 1, "fields": {"user_data": 1, "feedback": "heyy", "visibility": false, "date": "2017-06-23", "time": "06:12:57.267"}}, {"model": "feedback.feedbackdata", "pk": 2, "fields": {"user_data": 4, "feedback": "", "visibility": false, "date": "2017-06-23", "time": "09:00:41.526"}}, {"model": "feedback.feedbackdata", "pk": 3, "fields": {"user_data": 4, "feedback": "", "visibility": true, "date": "2017-06-23", "time": "09:00:44.938"}}, {"model": "feedback.feedbackdata", "pk": 4, "fields": {"user_data": 3, "feedback": "dhdhhd", "visibility": true, "date": "2017-06-23", "time": "13:44:18.173"}}, {"model": "auth.permission", "pk": 1, "fields": {"name": "Can add Bookmark", "content_type": 1, "codename": "add_bookmark"}}, {"model": "auth.permission", "pk": 2, "fields": {"name": "Can change Bookmark", "content_type": 1, "codename": "change_bookmark"}}, {"model": "auth.permission", "pk": 3, "fields": {"name": "Can delete Bookmark", "content_type": 1, "codename": "delete_bookmark"}}, {"model": "auth.permission", "pk": 4, "fields": {"name": "Can add User Setting", "content_type": 2, "codename": "add_usersettings"}}, {"model": "auth.permission", "pk": 5, "fields": {"name": "Can change User Setting", "content_type": 2, "codename": "change_usersettings"}}, {"model": "auth.permission", "pk": 6, "fields": {"name": "Can delete User Setting", "content_type": 2, "codename": "delete_usersettings"}}, {"model": "auth.permission", "pk": 7, "fields": {"name": "Can add User Widget", "content_type": 3, "codename": "add_userwidget"}}, {"model": "auth.permission", "pk": 8, "fields": {"name": "Can change User Widget", "content_type": 3, "codename": "change_userwidget"}}, {"model": "auth.permission", "pk": 9, "fields": {"name": "Can delete User Widget", "content_type": 3, "codename": "delete_userwidget"}}, {"model": "auth.permission", "pk": 10, "fields": {"name": "Can view Bookmark", "content_type": 1, "codename": "view_bookmark"}}, {"model": "auth.permission", "pk": 11, "fields": {"name": "Can view User Setting", "content_type": 2, "codename": "view_usersettings"}}, {"model": "auth.permission", "pk": 12, "fields": {"name": "Can view User Widget", "content_type": 3, "codename": "view_userwidget"}}, {"model": "auth.permission", "pk": 13, "fields": {"name": "Can add revision", "content_type": 4, "codename": "add_revision"}}, {"model": "auth.permission", "pk": 14, "fields": {"name": "Can change revision", "content_type": 4, "codename": "change_revision"}}, {"model": "auth.permission", "pk": 15, "fields": {"name": "Can delete revision", "content_type": 4, "codename": "delete_revision"}}, {"model": "auth.permission", "pk": 16, "fields": {"name": "Can add version", "content_type": 5, "codename": "add_version"}}, {"model": "auth.permission", "pk": 17, "fields": {"name": "Can change version", "content_type": 5, "codename": "change_version"}}, {"model": "auth.permission", "pk": 18, "fields": {"name": "Can delete version", "content_type": 5, "codename": "delete_version"}}, {"model": "auth.permission", "pk": 19, "fields": {"name": "Can view revision", "content_type": 4, "codename": "view_revision"}}, {"model": "auth.permission", "pk": 20, "fields": {"name": "Can view version", "content_type": 5, "codename": "view_version"}}, {"model": "auth.permission", "pk": 21, "fields": {"name": "Can add log entry", "content_type": 6, "codename": "add_logentry"}}, {"model": "auth.permission", "pk": 22, "fields": {"name": "Can change log entry", "content_type": 6, "codename": "change_logentry"}}, {"model": "auth.permission", "pk": 23, "fields": {"name": "Can delete log entry", "content_type": 6, "codename": "delete_logentry"}}, {"model": "auth.permission", "pk": 24, "fields": {"name": "Can view log entry", "content_type": 6, "codename": "view_logentry"}}, {"model": "auth.permission", "pk": 25, "fields": {"name": "Can add permission", "content_type": 7, "codename": "add_permission"}}, {"model": "auth.permission", "pk": 26, "fields": {"name": "Can change permission", "content_type": 7, "codename": "change_permission"}}, {"model": "auth.permission", "pk": 27, "fields": {"name": "Can delete permission", "content_type": 7, "codename": "delete_permission"}}, {"model": "auth.permission", "pk": 28, "fields": {"name": "Can add group", "content_type": 8, "codename": "add_group"}}, {"model": "auth.permission", "pk": 29, "fields": {"name": "Can change group", "content_type": 8, "codename": "change_group"}}, {"model": "auth.permission", "pk": 30, "fields": {"name": "Can delete group", "content_type": 8, "codename": "delete_group"}}, {"model": "auth.permission", "pk": 31, "fields": {"name": "Can add user", "content_type": 9, "codename": "add_user"}}, {"model": "auth.permission", "pk": 32, "fields": {"name": "Can change user", "content_type": 9, "codename": "change_user"}}, {"model": "auth.permission", "pk": 33, "fields": {"name": "Can delete user", "content_type": 9, "codename": "delete_user"}}, {"model": "auth.permission", "pk": 34, "fields": {"name": "Can view permission", "content_type": 7, "codename": "view_permission"}}, {"model": "auth.permission", "pk": 35, "fields": {"name": "Can view group", "content_type": 8, "codename": "view_group"}}, {"model": "auth.permission", "pk": 36, "fields": {"name": "Can view user", "content_type": 9, "codename": "view_user"}}, {"model": "auth.permission", "pk": 37, "fields": {"name": "Can add content type", "content_type": 10, "codename": "add_contenttype"}}, {"model": "auth.permission", "pk": 38, "fields": {"name": "Can change content type", "content_type": 10, "codename": "change_contenttype"}}, {"model": "auth.permission", "pk": 39, "fields": {"name": "Can delete content type", "content_type": 10, "codename": "delete_contenttype"}}, {"model": "auth.permission", "pk": 40, "fields": {"name": "Can view content type", "content_type": 10, "codename": "view_contenttype"}}, {"model": "auth.permission", "pk": 41, "fields": {"name": "Can add session", "content_type": 11, "codename": "add_session"}}, {"model": "auth.permission", "pk": 42, "fields": {"name": "Can change session", "content_type": 11, "codename": "change_session"}}, {"model": "auth.permission", "pk": 43, "fields": {"name": "Can delete session", "content_type": 11, "codename": "delete_session"}}, {"model": "auth.permission", "pk": 44, "fields": {"name": "Can view session", "content_type": 11, "codename": "view_session"}}, {"model": "auth.permission", "pk": 45, "fields": {"name": "Can add campaign data", "content_type": 12, "codename": "add_campaigndata"}}, {"model": "auth.permission", "pk": 46, "fields": {"name": "Can change campaign data", "content_type": 12, "codename": "change_campaigndata"}}, {"model": "auth.permission", "pk": 47, "fields": {"name": "Can delete campaign data", "content_type": 12, "codename": "delete_campaigndata"}}, {"model": "auth.permission", "pk": 48, "fields": {"name": "Can view campaign data", "content_type": 12, "codename": "view_campaigndata"}}, {"model": "auth.permission", "pk": 49, "fields": {"name": "Can add image data", "content_type": 13, "codename": "add_imagedata"}}, {"model": "auth.permission", "pk": 50, "fields": {"name": "Can change image data", "content_type": 13, "codename": "change_imagedata"}}, {"model": "auth.permission", "pk": 51, "fields": {"name": "Can delete image data", "content_type": 13, "codename": "delete_imagedata"}}, {"model": "auth.permission", "pk": 52, "fields": {"name": "Can add video data", "content_type": 14, "codename": "add_videodata"}}, {"model": "auth.permission", "pk": 53, "fields": {"name": "Can change video data", "content_type": 14, "codename": "change_videodata"}}, {"model": "auth.permission", "pk": 54, "fields": {"name": "Can delete video data", "content_type": 14, "codename": "delete_videodata"}}, {"model": "auth.permission", "pk": 55, "fields": {"name": "Can view image data", "content_type": 13, "codename": "view_imagedata"}}, {"model": "auth.permission", "pk": 56, "fields": {"name": "Can view video data", "content_type": 14, "codename": "view_videodata"}}, {"model": "auth.permission", "pk": 57, "fields": {"name": "Can add story data", "content_type": 15, "codename": "add_storydata"}}, {"model": "auth.permission", "pk": 58, "fields": {"name": "Can change story data", "content_type": 15, "codename": "change_storydata"}}, {"model": "auth.permission", "pk": 59, "fields": {"name": "Can delete story data", "content_type": 15, "codename": "delete_storydata"}}, {"model": "auth.permission", "pk": 60, "fields": {"name": "Can add user like data", "content_type": 16, "codename": "add_userlikedata"}}, {"model": "auth.permission", "pk": 61, "fields": {"name": "Can change user like data", "content_type": 16, "codename": "change_userlikedata"}}, {"model": "auth.permission", "pk": 62, "fields": {"name": "Can delete user like data", "content_type": 16, "codename": "delete_userlikedata"}}, {"model": "auth.permission", "pk": 63, "fields": {"name": "Can add user share data", "content_type": 17, "codename": "add_usersharedata"}}, {"model": "auth.permission", "pk": 64, "fields": {"name": "Can change user share data", "content_type": 17, "codename": "change_usersharedata"}}, {"model": "auth.permission", "pk": 65, "fields": {"name": "Can delete user share data", "content_type": 17, "codename": "delete_usersharedata"}}, {"model": "auth.permission", "pk": 66, "fields": {"name": "Can view story data", "content_type": 15, "codename": "view_storydata"}}, {"model": "auth.permission", "pk": 67, "fields": {"name": "Can view user like data", "content_type": 16, "codename": "view_userlikedata"}}, {"model": "auth.permission", "pk": 68, "fields": {"name": "Can view user share data", "content_type": 17, "codename": "view_usersharedata"}}, {"model": "auth.permission", "pk": 69, "fields": {"name": "Can add otp data", "content_type": 18, "codename": "add_otpdata"}}, {"model": "auth.permission", "pk": 70, "fields": {"name": "Can change otp data", "content_type": 18, "codename": "change_otpdata"}}, {"model": "auth.permission", "pk": 71, "fields": {"name": "Can delete otp data", "content_type": 18, "codename": "delete_otpdata"}}, {"model": "auth.permission", "pk": 72, "fields": {"name": "Can add user data", "content_type": 19, "codename": "add_userdata"}}, {"model": "auth.permission", "pk": 73, "fields": {"name": "Can change user data", "content_type": 19, "codename": "change_userdata"}}, {"model": "auth.permission", "pk": 74, "fields": {"name": "Can delete user data", "content_type": 19, "codename": "delete_userdata"}}, {"model": "auth.permission", "pk": 75, "fields": {"name": "Can view otp data", "content_type": 18, "codename": "view_otpdata"}}, {"model": "auth.permission", "pk": 76, "fields": {"name": "Can view user data", "content_type": 19, "codename": "view_userdata"}}, {"model": "auth.permission", "pk": 77, "fields": {"name": "Can add keys data", "content_type": 20, "codename": "add_keysdata"}}, {"model": "auth.permission", "pk": 78, "fields": {"name": "Can change keys data", "content_type": 20, "codename": "change_keysdata"}}, {"model": "auth.permission", "pk": 79, "fields": {"name": "Can delete keys data", "content_type": 20, "codename": "delete_keysdata"}}, {"model": "auth.permission", "pk": 80, "fields": {"name": "Can add fcm data", "content_type": 21, "codename": "add_fcmdata"}}, {"model": "auth.permission", "pk": 81, "fields": {"name": "Can change fcm data", "content_type": 21, "codename": "change_fcmdata"}}, {"model": "auth.permission", "pk": 82, "fields": {"name": "Can delete fcm data", "content_type": 21, "codename": "delete_fcmdata"}}, {"model": "auth.permission", "pk": 83, "fields": {"name": "Can add image data", "content_type": 22, "codename": "add_imagedata"}}, {"model": "auth.permission", "pk": 84, "fields": {"name": "Can change image data", "content_type": 22, "codename": "change_imagedata"}}, {"model": "auth.permission", "pk": 85, "fields": {"name": "Can delete image data", "content_type": 22, "codename": "delete_imagedata"}}, {"model": "auth.permission", "pk": 86, "fields": {"name": "Can view keys data", "content_type": 20, "codename": "view_keysdata"}}, {"model": "auth.permission", "pk": 87, "fields": {"name": "Can view fcm data", "content_type": 21, "codename": "view_fcmdata"}}, {"model": "auth.permission", "pk": 88, "fields": {"name": "Can view image data", "content_type": 22, "codename": "view_imagedata"}}, {"model": "auth.permission", "pk": 89, "fields": {"name": "Can add welcome data", "content_type": 23, "codename": "add_welcomedata"}}, {"model": "auth.permission", "pk": 90, "fields": {"name": "Can change welcome data", "content_type": 23, "codename": "change_welcomedata"}}, {"model": "auth.permission", "pk": 91, "fields": {"name": "Can delete welcome data", "content_type": 23, "codename": "delete_welcomedata"}}, {"model": "auth.permission", "pk": 92, "fields": {"name": "Can add ward data", "content_type": 24, "codename": "add_warddata"}}, {"model": "auth.permission", "pk": 93, "fields": {"name": "Can change ward data", "content_type": 24, "codename": "change_warddata"}}, {"model": "auth.permission", "pk": 94, "fields": {"name": "Can delete ward data", "content_type": 24, "codename": "delete_warddata"}}, {"model": "auth.permission", "pk": 95, "fields": {"name": "Can view welcome data", "content_type": 23, "codename": "view_welcomedata"}}, {"model": "auth.permission", "pk": 96, "fields": {"name": "Can view ward data", "content_type": 24, "codename": "view_warddata"}}, {"model": "auth.permission", "pk": 97, "fields": {"name": "Can add contact us data", "content_type": 25, "codename": "add_contactusdata"}}, {"model": "auth.permission", "pk": 98, "fields": {"name": "Can change contact us data", "content_type": 25, "codename": "change_contactusdata"}}, {"model": "auth.permission", "pk": 99, "fields": {"name": "Can delete contact us data", "content_type": 25, "codename": "delete_contactusdata"}}, {"model": "auth.permission", "pk": 100, "fields": {"name": "Can view contact us data", "content_type": 25, "codename": "view_contactusdata"}}, {"model": "auth.permission", "pk": 101, "fields": {"name": "Can add about us data", "content_type": 26, "codename": "add_aboutusdata"}}, {"model": "auth.permission", "pk": 102, "fields": {"name": "Can change about us data", "content_type": 26, "codename": "change_aboutusdata"}}, {"model": "auth.permission", "pk": 103, "fields": {"name": "Can delete about us data", "content_type": 26, "codename": "delete_aboutusdata"}}, {"model": "auth.permission", "pk": 104, "fields": {"name": "Can view about us data", "content_type": 26, "codename": "view_aboutusdata"}}, {"model": "auth.permission", "pk": 105, "fields": {"name": "Can add dust bin data", "content_type": 27, "codename": "add_dustbindata"}}, {"model": "auth.permission", "pk": 106, "fields": {"name": "Can change dust bin data", "content_type": 27, "codename": "change_dustbindata"}}, {"model": "auth.permission", "pk": 107, "fields": {"name": "Can delete dust bin data", "content_type": 27, "codename": "delete_dustbindata"}}, {"model": "auth.permission", "pk": 108, "fields": {"name": "Can view dust bin data", "content_type": 27, "codename": "view_dustbindata"}}, {"model": "auth.permission", "pk": 109, "fields": {"name": "Can add join us data", "content_type": 28, "codename": "add_joinusdata"}}, {"model": "auth.permission", "pk": 110, "fields": {"name": "Can change join us data", "content_type": 28, "codename": "change_joinusdata"}}, {"model": "auth.permission", "pk": 111, "fields": {"name": "Can delete join us data", "content_type": 28, "codename": "delete_joinusdata"}}, {"model": "auth.permission", "pk": 112, "fields": {"name": "Can view join us data", "content_type": 28, "codename": "view_joinusdata"}}, {"model": "auth.permission", "pk": 113, "fields": {"name": "Can add feedback data", "content_type": 29, "codename": "add_feedbackdata"}}, {"model": "auth.permission", "pk": 114, "fields": {"name": "Can change feedback data", "content_type": 29, "codename": "change_feedbackdata"}}, {"model": "auth.permission", "pk": 115, "fields": {"name": "Can delete feedback data", "content_type": 29, "codename": "delete_feedbackdata"}}, {"model": "auth.permission", "pk": 116, "fields": {"name": "Can view feedback data", "content_type": 29, "codename": "view_feedbackdata"}}, {"model": "auth.permission", "pk": 117, "fields": {"name": "Can add about the team", "content_type": 30, "codename": "add_abouttheteam"}}, {"model": "auth.permission", "pk": 118, "fields": {"name": "Can change about the team", "content_type": 30, "codename": "change_abouttheteam"}}, {"model": "auth.permission", "pk": 119, "fields": {"name": "Can delete about the team", "content_type": 30, "codename": "delete_abouttheteam"}}, {"model": "auth.permission", "pk": 120, "fields": {"name": "Can view about the team", "content_type": 30, "codename": "view_abouttheteam"}}, {"model": "auth.user", "pk": 1, "fields": {"password": "pbkdf2_sha256$24000$yZy1psZUVEDp$LGXLQtR247xEaXOxtZjps5jE3+muckH90Gnwa9SY5gE=", "last_login": "2017-06-23T13:30:46.545Z", "is_superuser": true, "username": "anurag", "first_name": "", "last_name": "", "email": "", "is_staff": true, "is_active": true, "date_joined": "2017-06-22T06:43:29.894Z", "groups": [], "user_permissions": []}}, {"model": "xadmin.usersettings", "pk": 1, "fields": {"user": 1, "key": "dashboard:home:pos", "value": ""}}]